{
    "score": 4.0,
    "stdout_visibility": "visible",
    "tests": [
        {
            "name": "TEST INICIALITZA TAULER 1",
            "output": "\n\nTEST INICIALITZA TAULER 1\n===========================\n\nLlegint estat del tauler del fitxer 'tauler_inicial_1.txt'\n---------------\nContingut esperat del tauler: \n8: _ X _ X _ X _ X\n7: X _ X _ X _ X _\n6: _ X _ X _ X _ X\n5: _ _ _ _ _ _ _ _\n4: _ _ _ _ _ _ _ _\n3: O _ O _ O _ O _\n2: _ O _ O _ O _ O\n1: O _ O _ O _ O _\n   a b c d e f g h\n---------------\nContingut obtingut del tauler: \n8: _ X _ X _ X _ X\n7: X _ X _ X _ X _\n6: _ X _ X _ X _ X\n5: _ _ _ _ _ _ _ _\n4: _ _ _ _ _ _ _ _\n3: O _ O _ O _ O _\n2: _ O _ O _ O _ O\n1: O _ O _ O _ O _\n   a b c d e f g h\n---------------\nCORRECTE\n-----------------------------------------------\n",
            "status": "passed",
            "visibility": "visible"
        },
        {
            "name": "TEST INICIALITZA TAULER 2",
            "output": "\n\nTEST INICIALITZA TAULER 2\n===========================\n\nLlegint estat del tauler del fitxer 'tauler_inicial_2.txt'\n---------------\nContingut esperat del tauler: \n8: _ X _ D _ _ _ X\n7: _ _ _ _ _ _ _ _\n6: _ _ _ X _ X _ _\n5: R _ _ _ _ _ _ _\n4: _ _ _ X _ _ _ O\n3: X _ D _ _ _ _ _\n2: _ _ _ _ _ _ _ X\n1: O _ O _ D _ _ _\n   a b c d e f g h\n---------------\nContingut obtingut del tauler: \n8: _ X _ D _ _ _ X\n7: _ _ _ _ _ _ _ _\n6: _ _ _ X _ X _ _\n5: R _ _ _ _ _ _ _\n4: _ _ _ X _ _ _ O\n3: X _ D _ _ _ _ _\n2: _ _ _ _ _ _ _ X\n1: O _ O _ D _ _ _\n   a b c d e f g h\n---------------\nCORRECTE\n-----------------------------------------------\n",
            "status": "passed",
            "visibility": "visible"
        },
        {
            "name": "TEST MOVIMENTS VALIDS 1",
            "output": "\nTEST MOVIMENTS VALIDS 1\n========================\n\nLlegint estat del tauler del fitxer 'tauler_moviments_valids.txt'\n---------------\nContingut esperat del tauler: \n8: _ X _ _ _ _ _ X\n7: X _ X _ _ _ _ _\n6: _ O _ X _ X _ O\n5: R _ _ _ _ _ _ _\n4: _ O _ X _ X _ O\n3: _ _ D _ O _ _ _\n2: _ O _ _ _ _ _ X\n1: O _ O _ D _ _ _\n   a b c d e f g h\n---------------\nContingut obtingut del tauler: \n8: _ X _ _ _ _ _ X\n7: X _ X _ _ _ _ _\n6: _ O _ X _ X _ O\n5: R _ _ _ _ _ _ _\n4: _ O _ X _ X _ O\n3: _ _ D _ O _ _ _\n2: _ O _ _ _ _ _ X\n1: O _ O _ D _ _ _\n   a b c d e f g h\n---------------\nRecuperant posicions possibles de la posicio: b8\n----------\nPosicions possibles esperades: []\n----------\nPosicions possibles obitngudes: []\n----------\nCORRECTE\n-----------------------------------------------\n",
            "status": "passed",
            "visibility": "visible"
        },
        {
            "name": "TEST MOVIMENTS VALIDS 2",
            "output": "\nTEST MOVIMENTS VALIDS 2\n========================\n\nLlegint estat del tauler del fitxer 'tauler_moviments_valids.txt'\n---------------\nContingut esperat del tauler: \n8: _ X _ _ _ _ _ X\n7: X _ X _ _ _ _ _\n6: _ O _ X _ X _ O\n5: R _ _ _ _ _ _ _\n4: _ O _ X _ X _ O\n3: _ _ D _ O _ _ _\n2: _ O _ _ _ _ _ X\n1: O _ O _ D _ _ _\n   a b c d e f g h\n---------------\nContingut obtingut del tauler: \n8: _ X _ _ _ _ _ X\n7: X _ X _ _ _ _ _\n6: _ O _ X _ X _ O\n5: R _ _ _ _ _ _ _\n4: _ O _ X _ X _ O\n3: _ _ D _ O _ _ _\n2: _ O _ _ _ _ _ X\n1: O _ O _ D _ _ _\n   a b c d e f g h\n---------------\nRecuperant posicions possibles de la posicio: a1\n----------\nPosicions possibles esperades: []\n----------\nPosicions possibles obitngudes: []\n----------\nCORRECTE\n-----------------------------------------------\n",
            "status": "passed",
            "visibility": "visible"
        },
        {
            "name": "TEST MOVIMENTS VALIDS 3",
            "output": "\nTEST MOVIMENTS VALIDS 3\n========================\n\nLlegint estat del tauler del fitxer 'tauler_moviments_valids.txt'\n---------------\nContingut esperat del tauler: \n8: _ X _ _ _ _ _ X\n7: X _ X _ _ _ _ _\n6: _ O _ X _ X _ O\n5: R _ _ _ _ _ _ _\n4: _ O _ X _ X _ O\n3: _ _ D _ O _ _ _\n2: _ O _ _ _ _ _ X\n1: O _ O _ D _ _ _\n   a b c d e f g h\n---------------\nContingut obtingut del tauler: \n8: _ X _ _ _ _ _ X\n7: X _ X _ _ _ _ _\n6: _ O _ X _ X _ O\n5: R _ _ _ _ _ _ _\n4: _ O _ X _ X _ O\n3: _ _ D _ O _ _ _\n2: _ O _ _ _ _ _ X\n1: O _ O _ D _ _ _\n   a b c d e f g h\n---------------\nRecuperant posicions possibles de la posicio: c1\n----------\nPosicions possibles esperades: [d2]\n----------\nPosicions possibles obitngudes: [d2]\n----------\nCORRECTE\n-----------------------------------------------\n",
            "status": "passed",
            "visibility": "visible"
        },
        {
            "name": "TEST MOVIMENTS VALIDS 4",
            "output": "\nTEST MOVIMENTS VALIDS 4\n========================\n\nLlegint estat del tauler del fitxer 'tauler_moviments_valids.txt'\n---------------\nContingut esperat del tauler: \n8: _ X _ _ _ _ _ X\n7: X _ X _ _ _ _ _\n6: _ O _ X _ X _ O\n5: R _ _ _ _ _ _ _\n4: _ O _ X _ X _ O\n3: _ _ D _ O _ _ _\n2: _ O _ _ _ _ _ X\n1: O _ O _ D _ _ _\n   a b c d e f g h\n---------------\nContingut obtingut del tauler: \n8: _ X _ _ _ _ _ X\n7: X _ X _ _ _ _ _\n6: _ O _ X _ X _ O\n5: R _ _ _ _ _ _ _\n4: _ O _ X _ X _ O\n3: _ _ D _ O _ _ _\n2: _ O _ _ _ _ _ X\n1: O _ O _ D _ _ _\n   a b c d e f g h\n---------------\nRecuperant posicions possibles de la posicio: h2\n----------\nPosicions possibles esperades: [g1]\n----------\nPosicions possibles obitngudes: [g1]\n----------\nCORRECTE\n-----------------------------------------------\n",
            "status": "passed",
            "visibility": "visible"
        },
        {
            "name": "TEST MOVIMENTS VALIDS 5",
            "output": "\nTEST MOVIMENTS VALIDS 5\n========================\n\nLlegint estat del tauler del fitxer 'tauler_moviments_valids.txt'\n---------------\nContingut esperat del tauler: \n8: _ X _ _ _ _ _ X\n7: X _ X _ _ _ _ _\n6: _ O _ X _ X _ O\n5: R _ _ _ _ _ _ _\n4: _ O _ X _ X _ O\n3: _ _ D _ O _ _ _\n2: _ O _ _ _ _ _ X\n1: O _ O _ D _ _ _\n   a b c d e f g h\n---------------\nContingut obtingut del tauler: \n8: _ X _ _ _ _ _ X\n7: X _ X _ _ _ _ _\n6: _ O _ X _ X _ O\n5: R _ _ _ _ _ _ _\n4: _ O _ X _ X _ O\n3: _ _ D _ O _ _ _\n2: _ O _ _ _ _ _ X\n1: O _ O _ D _ _ _\n   a b c d e f g h\n---------------\nRecuperant posicions possibles de la posicio: d4\n----------\nPosicions possibles esperades: [f2]\n----------\nPosicions possibles obitngudes: [f2]\n----------\nCORRECTE\n-----------------------------------------------\n",
            "status": "passed",
            "visibility": "visible"
        },
        {
            "name": "TEST MOVIMENTS VALIDS 6",
            "output": "\nTEST MOVIMENTS VALIDS 6\n========================\n\nLlegint estat del tauler del fitxer 'tauler_moviments_valids.txt'\n---------------\nContingut esperat del tauler: \n8: _ X _ _ _ _ _ X\n7: X _ X _ _ _ _ _\n6: _ O _ X _ X _ O\n5: R _ _ _ _ _ _ _\n4: _ O _ X _ X _ O\n3: _ _ D _ O _ _ _\n2: _ O _ _ _ _ _ X\n1: O _ O _ D _ _ _\n   a b c d e f g h\n---------------\nContingut obtingut del tauler: \n8: _ X _ _ _ _ _ X\n7: X _ X _ _ _ _ _\n6: _ O _ X _ X _ O\n5: R _ _ _ _ _ _ _\n4: _ O _ X _ X _ O\n3: _ _ D _ O _ _ _\n2: _ O _ _ _ _ _ X\n1: O _ O _ D _ _ _\n   a b c d e f g h\n---------------\nRecuperant posicions possibles de la posicio: b6\n----------\nPosicions possibles esperades: [d8]\n----------\nPosicions possibles obitngudes: [d8]\n----------\nCORRECTE\n-----------------------------------------------\n",
            "status": "passed",
            "visibility": "visible"
        },
        {
            "name": "TEST MOVIMENTS VALIDS 7",
            "output": "\nTEST MOVIMENTS VALIDS 7\n========================\n\nLlegint estat del tauler del fitxer 'tauler_moviments_valids.txt'\n---------------\nContingut esperat del tauler: \n8: _ X _ _ _ _ _ X\n7: X _ X _ _ _ _ _\n6: _ O _ X _ X _ O\n5: R _ _ _ _ _ _ _\n4: _ O _ X _ X _ O\n3: _ _ D _ O _ _ _\n2: _ O _ _ _ _ _ X\n1: O _ O _ D _ _ _\n   a b c d e f g h\n---------------\nContingut obtingut del tauler: \n8: _ X _ _ _ _ _ X\n7: X _ X _ _ _ _ _\n6: _ O _ X _ X _ O\n5: R _ _ _ _ _ _ _\n4: _ O _ X _ X _ O\n3: _ _ D _ O _ _ _\n2: _ O _ _ _ _ _ X\n1: O _ O _ D _ _ _\n   a b c d e f g h\n---------------\nRecuperant posicions possibles de la posicio: f4\n----------\nPosicions possibles esperades: [d2, g3]\n----------\nPosicions possibles obitngudes: [d2, g3]\n----------\nCORRECTE\n-----------------------------------------------\n",
            "status": "passed",
            "visibility": "visible"
        },
        {
            "name": "TEST MOVIMENTS VALIDS 8",
            "output": "\nTEST MOVIMENTS VALIDS 8\n========================\n\nLlegint estat del tauler del fitxer 'tauler_moviments_valids.txt'\n---------------\nContingut esperat del tauler: \n8: _ X _ _ _ _ _ X\n7: X _ X _ _ _ _ _\n6: _ O _ X _ X _ O\n5: R _ _ _ _ _ _ _\n4: _ O _ X _ X _ O\n3: _ _ D _ O _ _ _\n2: _ O _ _ _ _ _ X\n1: O _ O _ D _ _ _\n   a b c d e f g h\n---------------\nContingut obtingut del tauler: \n8: _ X _ _ _ _ _ X\n7: X _ X _ _ _ _ _\n6: _ O _ X _ X _ O\n5: R _ _ _ _ _ _ _\n4: _ O _ X _ X _ O\n3: _ _ D _ O _ _ _\n2: _ O _ _ _ _ _ X\n1: O _ O _ D _ _ _\n   a b c d e f g h\n---------------\nRecuperant posicions possibles de la posicio: a7\n----------\nPosicions possibles esperades: [c5, a3]\n----------\nPosicions possibles obitngudes: [c5]\n----------\nERROR\n-----------------------------------------------\n",
            "status": "failed",
            "visibility": "visible"
        },
        {
            "name": "TEST MOVIMENTS VALIDS 9",
            "output": "\nTEST MOVIMENTS VALIDS 9\n========================\n\nLlegint estat del tauler del fitxer 'tauler_moviments_valids.txt'\n---------------\nContingut esperat del tauler: \n8: _ X _ _ _ _ _ X\n7: X _ X _ _ _ _ _\n6: _ O _ X _ X _ O\n5: R _ _ _ _ _ _ _\n4: _ O _ X _ X _ O\n3: _ _ D _ O _ _ _\n2: _ O _ _ _ _ _ X\n1: O _ O _ D _ _ _\n   a b c d e f g h\n---------------\nContingut obtingut del tauler: \n8: _ X _ _ _ _ _ X\n7: X _ X _ _ _ _ _\n6: _ O _ X _ X _ O\n5: R _ _ _ _ _ _ _\n4: _ O _ X _ X _ O\n3: _ _ D _ O _ _ _\n2: _ O _ _ _ _ _ X\n1: O _ O _ D _ _ _\n   a b c d e f g h\n---------------\nRecuperant posicions possibles de la posicio: e3\n----------\nPosicions possibles esperades: [c5, g5, e7]\n----------\nPosicions possibles obitngudes: [c5, g5]\n----------\nERROR\n-----------------------------------------------\n",
            "status": "failed",
            "visibility": "visible"
        },
        {
            "name": "TEST MOVIMENTS VALIDS 10",
            "output": "\nTEST MOVIMENTS VALIDS 10\n========================\n\nLlegint estat del tauler del fitxer 'tauler_moviments_valids.txt'\n---------------\nContingut esperat del tauler: \n8: _ X _ _ _ _ _ X\n7: X _ X _ _ _ _ _\n6: _ O _ X _ X _ O\n5: R _ _ _ _ _ _ _\n4: _ O _ X _ X _ O\n3: _ _ D _ O _ _ _\n2: _ O _ _ _ _ _ X\n1: O _ O _ D _ _ _\n   a b c d e f g h\n---------------\nContingut obtingut del tauler: \n8: _ X _ _ _ _ _ X\n7: X _ X _ _ _ _ _\n6: _ O _ X _ X _ O\n5: R _ _ _ _ _ _ _\n4: _ O _ X _ X _ O\n3: _ _ D _ O _ _ _\n2: _ O _ _ _ _ _ X\n1: O _ O _ D _ _ _\n   a b c d e f g h\n---------------\nRecuperant posicions possibles de la posicio: a5\n----------\nPosicions possibles esperades: []\n----------\nPosicions possibles obitngudes: []\n----------\nCORRECTE\n-----------------------------------------------\n",
            "status": "passed",
            "visibility": "visible"
        },
        {
            "name": "TEST MOVIMENTS VALIDS 11",
            "output": "\nTEST MOVIMENTS VALIDS 11\n========================\n\nLlegint estat del tauler del fitxer 'tauler_moviments_valids.txt'\n---------------\nContingut esperat del tauler: \n8: _ X _ _ _ _ _ X\n7: X _ X _ _ _ _ _\n6: _ O _ X _ X _ O\n5: R _ _ _ _ _ _ _\n4: _ O _ X _ X _ O\n3: _ _ D _ O _ _ _\n2: _ O _ _ _ _ _ X\n1: O _ O _ D _ _ _\n   a b c d e f g h\n---------------\nContingut obtingut del tauler: \n8: _ X _ _ _ _ _ X\n7: X _ X _ _ _ _ _\n6: _ O _ X _ X _ O\n5: R _ _ _ _ _ _ _\n4: _ O _ X _ X _ O\n3: _ _ D _ O _ _ _\n2: _ O _ _ _ _ _ X\n1: O _ O _ D _ _ _\n   a b c d e f g h\n---------------\nRecuperant posicions possibles de la posicio: e1\n----------\nPosicions possibles esperades: [d2, f2, g3]\n----------\nPosicions possibles obitngudes: [f2, g3, d2]\n----------\nCORRECTE\n-----------------------------------------------\n",
            "status": "passed",
            "visibility": "visible"
        },
        {
            "name": "TEST MOVIMENTS VALIDS 12",
            "output": "\nTEST MOVIMENTS VALIDS 12\n========================\n\nLlegint estat del tauler del fitxer 'tauler_moviments_valids.txt'\n---------------\nContingut esperat del tauler: \n8: _ X _ _ _ _ _ X\n7: X _ X _ _ _ _ _\n6: _ O _ X _ X _ O\n5: R _ _ _ _ _ _ _\n4: _ O _ X _ X _ O\n3: _ _ D _ O _ _ _\n2: _ O _ _ _ _ _ X\n1: O _ O _ D _ _ _\n   a b c d e f g h\n---------------\nContingut obtingut del tauler: \n8: _ X _ _ _ _ _ X\n7: X _ X _ _ _ _ _\n6: _ O _ X _ X _ O\n5: R _ _ _ _ _ _ _\n4: _ O _ X _ X _ O\n3: _ _ D _ O _ _ _\n2: _ O _ _ _ _ _ X\n1: O _ O _ D _ _ _\n   a b c d e f g h\n---------------\nRecuperant posicions possibles de la posicio: c3\n----------\nPosicions possibles esperades: [d2, e5, g3, g7]\n----------\nPosicions possibles obitngudes: [d2]\n----------\nERROR\n-----------------------------------------------\n",
            "status": "failed",
            "visibility": "visible"
        },
        {
            "name": "TEST MOVIMENT FITXA 1",
            "output": "\nTEST MOVIMENT FITXA 1\n=====================\n\nLlegint estat del tauler del fitxer 'tauler_moviment_fitxa_1.txt'\n---------------\nContingut del tauler inicial: \n8: _ X _ X _ X _ X\n7: X _ X _ X _ X _\n6: _ X _ X _ X _ X\n5: _ _ _ _ _ _ _ _\n4: _ _ _ _ _ _ _ _\n3: O _ O _ O _ O _\n2: _ O _ O _ O _ O\n1: O _ O _ O _ O _\n   a b c d e f g h\n---------------\nExecutant moviment de posicio: b8 a posicio c7\nMoviment no valid\n---------------\nResultat esperat del moviment: FALSE \n-------\nContingut esperat del tauler despres del moviment: \n8: _ X _ X _ X _ X\n7: X _ X _ X _ X _\n6: _ X _ X _ X _ X\n5: _ _ _ _ _ _ _ _\n4: _ _ _ _ _ _ _ _\n3: O _ O _ O _ O _\n2: _ O _ O _ O _ O\n1: O _ O _ O _ O _\n   a b c d e f g h\n----------------\nResultat obtingut del moviment: FALSE \n-------\nContingut obtingut del tauler despres del moviment: \n8: _ X _ X _ X _ X\n7: X _ X _ X _ X _\n6: _ X _ X _ X _ X\n5: _ _ _ _ _ _ _ _\n4: _ _ _ _ _ _ _ _\n3: O _ O _ O _ O _\n2: _ O _ O _ O _ O\n1: O _ O _ O _ O _\n   a b c d e f g h\n----------------\nCORRECTE\n-----------------------------------------------\n",
            "status": "passed",
            "visibility": "visible"
        },
        {
            "name": "TEST MOVIMENT FITXA 2",
            "output": "\nTEST MOVIMENT FITXA 2\n=====================\n\nLlegint estat del tauler del fitxer 'tauler_moviment_fitxa_2.txt'\n---------------\nContingut del tauler inicial: \n8: _ X _ X _ X _ X\n7: X _ X _ X _ X _\n6: _ X _ X _ X _ X\n5: _ _ _ _ _ _ _ _\n4: _ _ _ _ _ _ _ _\n3: O _ O _ O _ O _\n2: _ O _ O _ O _ O\n1: O _ O _ O _ O _\n   a b c d e f g h\n---------------\nExecutant moviment de posicio: c3 a posicio d4\nMoviment fitxa normal sense matar\n---------------\nResultat esperat del moviment: TRUE \n-------\nContingut esperat del tauler despres del moviment: \n8: _ X _ X _ X _ X\n7: X _ X _ X _ X _\n6: _ X _ X _ X _ X\n5: _ _ _ _ _ _ _ _\n4: _ _ _ O _ _ _ _\n3: O _ _ _ O _ O _\n2: _ O _ O _ O _ O\n1: O _ O _ O _ O _\n   a b c d e f g h\n----------------\nResultat obtingut del moviment: TRUE \n-------\nContingut obtingut del tauler despres del moviment: \n8: _ X _ X _ X _ X\n7: X _ X _ X _ X _\n6: _ X _ X _ X _ X\n5: _ _ _ _ _ _ _ _\n4: _ _ _ O _ _ _ _\n3: O _ _ _ O _ O _\n2: _ O _ O _ O _ O\n1: O _ O _ O _ O _\n   a b c d e f g h\n----------------\nCORRECTE\n-----------------------------------------------\n",
            "status": "passed",
            "visibility": "visible"
        },
        {
            "name": "TEST MOVIMENT FITXA 3",
            "output": "\nTEST MOVIMENT FITXA 3\n=====================\n\nLlegint estat del tauler del fitxer 'tauler_moviment_fitxa_3.txt'\n---------------\nContingut del tauler inicial: \n8: _ X _ X _ X _ X\n7: X _ X _ X _ X _\n6: _ X _ X _ _ _ X\n5: _ _ _ _ X _ _ _\n4: _ _ _ O _ _ _ _\n3: O _ _ _ O _ O _\n2: _ O _ O _ O _ O\n1: O _ O _ O _ O _\n   a b c d e f g h\n---------------\nExecutant moviment de posicio: d4 a posicio f6\nMoviment fitxa normal amb captura\n---------------\nResultat esperat del moviment: TRUE \n-------\nContingut esperat del tauler despres del moviment: \n8: _ X _ X _ X _ X\n7: X _ X _ X _ X _\n6: _ X _ X _ O _ X\n5: _ _ _ _ _ _ _ _\n4: _ _ _ _ _ _ _ _\n3: O _ _ _ O _ O _\n2: _ O _ O _ O _ O\n1: O _ O _ O _ O _\n   a b c d e f g h\n----------------\nResultat obtingut del moviment: TRUE \n-------\nContingut obtingut del tauler despres del moviment: \n8: _ X _ X _ X _ X\n7: X _ X _ X _ X _\n6: _ X _ X _ O _ X\n5: _ _ _ _ X _ _ _\n4: _ _ _ _ _ _ _ _\n3: O _ _ _ O _ O _\n2: _ O _ O _ O _ O\n1: O _ O _ O _ O _\n   a b c d e f g h\n----------------\nERROR\n-----------------------------------------------\n",
            "status": "failed",
            "visibility": "visible"
        },
        {
            "name": "TEST MOVIMENT FITXA 4",
            "output": "\nTEST MOVIMENT FITXA 4\n=====================\n\nLlegint estat del tauler del fitxer 'tauler_moviment_fitxa_4.txt'\n---------------\nContingut del tauler inicial: \n8: _ X _ X _ X _ _\n7: X _ X _ X _ X _\n6: _ X _ X _ _ _ X\n5: _ _ _ _ X _ _ _\n4: _ _ _ O _ _ _ _\n3: O _ _ _ _ _ O _\n2: _ O _ O _ O _ O\n1: O _ O _ O _ O _\n   a b c d e f g h\n---------------\nExecutant moviment de posicio: d4 a posicio h8\nMoviment fitxa normal amb doble captura i conversio a dama\n---------------\nResultat esperat del moviment: TRUE \n-------\nContingut esperat del tauler despres del moviment: \n8: _ X _ X _ X _ D\n7: X _ X _ X _ _ _\n6: _ X _ X _ _ _ X\n5: _ _ _ _ _ _ _ _\n4: _ _ _ _ _ _ _ _\n3: O _ _ _ _ _ O _\n2: _ O _ O _ O _ O\n1: O _ O _ O _ O _\n   a b c d e f g h\n----------------\nResultat obtingut del moviment: FALSE \n-------\nContingut obtingut del tauler despres del moviment: \n8: _ X _ X _ X _ _\n7: X _ X _ X _ X _\n6: _ X _ X _ _ _ X\n5: _ _ _ _ X _ _ _\n4: _ _ _ O _ _ _ _\n3: O _ _ _ _ _ O _\n2: _ O _ O _ O _ O\n1: O _ O _ O _ O _\n   a b c d e f g h\n----------------\nERROR\n-----------------------------------------------\n",
            "status": "failed",
            "visibility": "visible"
        },
        {
            "name": "TEST MOVIMENT FITXA 5",
            "output": "\nTEST MOVIMENT FITXA 5\n=====================\n\nLlegint estat del tauler del fitxer 'tauler_moviment_fitxa_5.txt'\n---------------\nContingut del tauler inicial: \n8: _ X _ X _ X _ D\n7: X _ X _ X _ _ _\n6: _ X _ X _ _ _ X\n5: _ _ _ _ _ _ _ _\n4: _ _ _ _ _ _ _ _\n3: O _ _ _ _ _ O _\n2: _ O _ O _ O _ O\n1: O _ O _ O _ O _\n   a b c d e f g h\n---------------\nExecutant moviment de posicio: h8 a posicio d4\nMoviment dama sense matar\n---------------\nResultat esperat del moviment: TRUE \n-------\nContingut esperat del tauler despres del moviment: \n8: _ X _ X _ X _ _\n7: X _ X _ X _ _ _\n6: _ X _ X _ _ _ X\n5: _ _ _ _ _ _ _ _\n4: _ _ _ D _ _ _ _\n3: O _ _ _ _ _ O _\n2: _ O _ O _ O _ O\n1: O _ O _ O _ O _\n   a b c d e f g h\n----------------\nResultat obtingut del moviment: TRUE \n-------\nContingut obtingut del tauler despres del moviment: \n8: _ X _ X _ X _ _\n7: X _ X _ X _ _ _\n6: _ X _ X _ _ _ X\n5: _ _ _ _ _ _ _ _\n4: _ _ _ D _ _ _ _\n3: O _ _ _ _ _ O _\n2: _ O _ O _ O _ O\n1: O _ O _ O _ O _\n   a b c d e f g h\n----------------\nCORRECTE\n-----------------------------------------------\n",
            "status": "passed",
            "visibility": "visible"
        },
        {
            "name": "TEST MOVIMENT FITXA 6",
            "output": "\nTEST MOVIMENT FITXA 6\n=====================\n\nLlegint estat del tauler del fitxer 'tauler_moviment_fitxa_6.txt'\n---------------\nContingut del tauler inicial: \n8: _ X _ X _ X _ _\n7: X _ X _ _ _ _ _\n6: _ X _ X _ X _ X\n5: _ _ _ _ _ _ _ _\n4: _ _ _ D _ _ _ _\n3: O _ _ _ _ _ O _\n2: _ O _ O _ O _ O\n1: O _ O _ O _ O _\n   a b c d e f g h\n---------------\nExecutant moviment de posicio: d4 a posicio g7\nMoviment dama amb captura\n---------------\nResultat esperat del moviment: TRUE \n-------\nContingut esperat del tauler despres del moviment: \n8: _ X _ X _ X _ _\n7: X _ X _ _ _ D _\n6: _ X _ X _ _ _ X\n5: _ _ _ _ _ _ _ _\n4: _ _ _ _ _ _ _ _\n3: O _ _ _ _ _ O _\n2: _ O _ O _ O _ O\n1: O _ O _ O _ O _\n   a b c d e f g h\n----------------\nResultat obtingut del moviment: FALSE \n-------\nContingut obtingut del tauler despres del moviment: \n8: _ X _ X _ X _ _\n7: X _ X _ _ _ _ _\n6: _ X _ X _ X _ X\n5: _ _ _ _ _ _ _ _\n4: _ _ _ D _ _ _ _\n3: O _ _ _ _ _ O _\n2: _ O _ O _ O _ O\n1: O _ O _ O _ O _\n   a b c d e f g h\n----------------\nERROR\n-----------------------------------------------\n",
            "status": "failed",
            "visibility": "visible"
        },
        {
            "name": "TEST MOVIMENT FITXA 7",
            "output": "\nTEST MOVIMENT FITXA 7\n=====================\n\nLlegint estat del tauler del fitxer 'tauler_moviment_fitxa_7.txt'\n---------------\nContingut del tauler inicial: \n8: _ X _ _ _ X _ _\n7: X _ X _ X _ D _\n6: _ X _ _ _ _ _ X\n5: _ _ _ _ X _ _ _\n4: _ _ _ _ _ O _ _\n3: O _ _ _ _ _ _ _\n2: _ O _ O _ O _ O\n1: O _ O _ O _ O _\n   a b c d e f g h\n---------------\nExecutant moviment de posicio: g7 a posicio d4\nMoviment amb varies opcions de captura que no impliquen bufar fitxa\n---------------\nResultat esperat del moviment: TRUE \n-------\nContingut esperat del tauler despres del moviment: \n8: _ X _ _ _ X _ _\n7: X _ X _ X _ _ _\n6: _ X _ _ _ _ _ X\n5: _ _ _ _ _ _ _ _\n4: _ _ _ D _ O _ _\n3: O _ _ _ _ _ _ _\n2: _ O _ O _ O _ O\n1: O _ O _ O _ O _\n   a b c d e f g h\n----------------\nResultat obtingut del moviment: FALSE \n-------\nContingut obtingut del tauler despres del moviment: \n8: _ X _ _ _ X _ _\n7: X _ X _ X _ D _\n6: _ X _ _ _ _ _ X\n5: _ _ _ _ X _ _ _\n4: _ _ _ _ _ O _ _\n3: O _ _ _ _ _ _ _\n2: _ O _ O _ O _ O\n1: O _ O _ O _ O _\n   a b c d e f g h\n----------------\nERROR\n-----------------------------------------------\n",
            "status": "failed",
            "visibility": "visible"
        },
        {
            "name": "TEST MOVIMENT FITXA 8",
            "output": "\nTEST MOVIMENT FITXA 8\n=====================\n\nLlegint estat del tauler del fitxer 'tauler_moviment_fitxa_8.txt'\n---------------\nContingut del tauler inicial: \n8: _ X _ _ _ X _ _\n7: X _ X _ X _ _ _\n6: _ X _ _ _ _ _ _\n5: _ _ _ _ _ _ X _\n4: _ _ _ D _ O _ _\n3: O _ _ _ _ _ _ _\n2: _ O _ O _ O _ O\n1: O _ O _ O _ O _\n   a b c d e f g h\n---------------\nExecutant moviment de posicio: a3 a posicio b4\nMoviment sense matar que implica bufar la fitxa que podria matar\n---------------\nResultat esperat del moviment: TRUE \n-------\nContingut esperat del tauler despres del moviment: \n8: _ X _ _ _ X _ _\n7: X _ X _ X _ _ _\n6: _ X _ _ _ _ _ _\n5: _ _ _ _ _ _ X _\n4: _ O _ D _ _ _ _\n3: _ _ _ _ _ _ _ _\n2: _ O _ O _ O _ O\n1: O _ O _ O _ O _\n   a b c d e f g h\n----------------\nResultat obtingut del moviment: TRUE \n-------\nContingut obtingut del tauler despres del moviment: \n8: _ X _ _ _ X _ _\n7: X _ X _ X _ _ _\n6: _ X _ _ _ _ _ _\n5: _ _ _ _ _ _ X _\n4: _ O _ D _ O _ _\n3: _ _ _ _ _ _ _ _\n2: _ O _ O _ O _ O\n1: O _ O _ O _ O _\n   a b c d e f g h\n----------------\nERROR\n-----------------------------------------------\n",
            "status": "failed",
            "visibility": "visible"
        },
        {
            "name": "TEST MOVIMENT FITXA 9",
            "output": "\nTEST MOVIMENT FITXA 9\n=====================\n\nLlegint estat del tauler del fitxer 'tauler_moviment_fitxa_9.txt'\n---------------\nContingut del tauler inicial: \n8: _ X _ _ _ _ _ D\n7: X _ X _ X _ _ _\n6: _ _ _ _ _ _ _ _\n5: _ _ X _ _ _ X _\n4: _ O _ _ _ _ _ _\n3: _ _ _ _ _ _ _ _\n2: _ O _ O _ O _ O\n1: O _ O _ O _ O _\n   a b c d e f g h\n---------------\nExecutant moviment de posicio: b4 a posicio d6\nMoviment que no mata totes les fitxer que es podrien matar i implica bufar la fitxa\n---------------\nResultat esperat del moviment: TRUE \n-------\nContingut esperat del tauler despres del moviment: \n8: _ X _ _ _ _ _ D\n7: X _ X _ X _ _ _\n6: _ _ _ _ _ _ _ _\n5: _ _ _ _ _ _ X _\n4: _ _ _ _ _ _ _ _\n3: _ _ _ _ _ _ _ _\n2: _ O _ O _ O _ O\n1: O _ O _ O _ O _\n   a b c d e f g h\n----------------\nResultat obtingut del moviment: TRUE \n-------\nContingut obtingut del tauler despres del moviment: \n8: _ X _ _ _ _ _ D\n7: X _ X _ X _ _ _\n6: _ _ _ O _ _ _ _\n5: _ _ X _ _ _ X _\n4: _ _ _ _ _ _ _ _\n3: _ _ _ _ _ _ _ _\n2: _ O _ O _ O _ O\n1: O _ O _ O _ O _\n   a b c d e f g h\n----------------\nERROR\n-----------------------------------------------\n",
            "status": "failed",
            "visibility": "visible"
        },
        {
            "name": "TEST MOVIMENT FITXA 10",
            "output": "\nTEST MOVIMENT FITXA 10\n=====================\n\nLlegint estat del tauler del fitxer 'tauler_moviment_fitxa_10.txt'\n---------------\nContingut del tauler inicial: \n8: _ X _ _ _ _ _ D\n7: _ _ _ _ _ _ _ _\n6: _ X _ X _ X _ _\n5: _ _ _ _ _ _ X _\n4: _ _ _ _ _ _ _ O\n3: O _ _ _ _ _ _ _\n2: _ _ _ O _ _ _ O\n1: O _ O _ O _ O _\n   a b c d e f g h\n---------------\nExecutant moviment de posicio: h8 a posicio a5\nMoviment dama amb captura multiple\n---------------\nResultat esperat del moviment: TRUE \n-------\nContingut esperat del tauler despres del moviment: \n8: _ X _ _ _ _ _ _\n7: _ _ _ _ _ _ _ _\n6: _ _ _ _ _ _ _ _\n5: D _ _ _ _ _ X _\n4: _ _ _ _ _ _ _ O\n3: O _ _ _ _ _ _ _\n2: _ _ _ O _ _ _ O\n1: O _ O _ O _ O _\n   a b c d e f g h\n----------------\nResultat obtingut del moviment: FALSE \n-------\nContingut obtingut del tauler despres del moviment: \n8: _ X _ _ _ _ _ D\n7: _ _ _ _ _ _ _ _\n6: _ X _ X _ X _ _\n5: _ _ _ _ _ _ X _\n4: _ _ _ _ _ _ _ O\n3: O _ _ _ _ _ _ _\n2: _ _ _ O _ _ _ O\n1: O _ O _ O _ O _\n   a b c d e f g h\n----------------\nERROR\n-----------------------------------------------\n",
            "status": "failed",
            "visibility": "visible"
        }
    ],
    "visibility": "visible"
}
